Fecha,Ciudad,Lugar,lat,long,Tipificación,VPC,Disparos,Proyectil,Hecho previo,cantidad_registrada
19/12/2019,Funes,"Fuerza Aerea 1500, Funes",-32.929084,-60.811592,Abuso de arma,,,,,1
25/12/2019,Granadero Baigorria,,,,Abuso de arma,Herido de arma de fuego,,,,1
1/1/2020,Villa Gobernador Galvez,"Pasaje Uboldi 1600, Villa Gobernador Galvez",-33.0386221,-60.6291651,Abuso de arma,Herido de arma de fuego,,,,1
2/1/2020,Rosario,Tarragona Bis y French,-32.9220432,-60.73477779999999,Robo calificado,,,,,1
2/1/2020,Rosario,Pasco Bis 195,-32.9619421,-60.62876399999999,Abuso de arma,Balacera contra domicilio,,,,1
4/1/2020,Villa Gobernador Galvez,Cabin Nº 9,,,Lesiones,,,,,1
5/1/2020,Rosario,Junín y Monteagudo,-32.9263885,-60.6674456,Tentativa de robo calificado,Herido de arma de fuego,4,,,1
8/1/2020,Rosario,Felipe Moré y Riobamba,-32.9540089,-60.6932424,Robo calificado,Herido de arma de fuego,1,,,1
9/1/2020,Rosario,Ayolas y Circunvalacion,-32.980698,-60.624159,Abuso de arma,Herido de arma de fuego,6,9mm,,1
9/1/2020,Rosario,José M. Rosa 3472,-32.9698554,-60.71795340000001,Abuso de arma,Balacera contra domicilio,,,,1
10/1/2020,Rosario,Alsina no 1698,-32.9503,-60.67928599999999,Abuso de arma,Balacera contra domicilio,,,,1
10/1/2020,Rosario,Avenida M. Cisnero 6254,-32.9786904,-60.7051587,Abuso de arma,Herido de arma de fuego,,,,1
13/1/2020,Rosario,Garrone Nº 1745,,,Tentativa de robo calificado,,,,,1
13/1/2020,Rosario,Gómez Eduardo 2804,-32.9613844,-60.7246431,Robo calificado,,,,,1
14/1/2020,Rosario,España y Battle y Ordóñez,-33.0091557,-60.6573019,Robo calificado,,,,,1
17/1/2020,Rosario,Moreno y Avenida de la Costa,-32.932586,-60.647675,Amenazas y lesiones,,,,,1
17/1/2020,Rosario,Avenida Presidente Perón 5973,-32.96398500000001,-60.70316820000001,Abuso de arma,Herido de arma de fuego,,,,1
20/1/2020,Rosario,Fausta y Avenida del Rosario,-32.997807,-60.621125,Abuso de arma,Herido de arma de fuego,,,,1
20/1/2020,Rosario,Favario y Avenida Presidente Perón,-32.9736077,-60.7227937,Abuso de arma,Herido de arma de fuego,,,,1
21/1/2020,Rosario,Corrientes y Salta,-32.9387089,-60.6405709,Robo calificado,,,,,1
22/1/2020,Rosario,La República no 7766,-32.91897060000001,-60.7295478,Abuso de arma,Balacera contra domicilio,,,,1
23/1/2020,Rosario,Larrechea y Avalos,-32.8985026,-60.7077363,Abuso de armas,Herido de arma de fuego,,,,1
23/1/2020,Rosario,Avenida Uriburu 95,-32.9904338,-60.6337969,Abuso de arma,Herido de arma de fuego,,,,1
23/1/2020,Rosario,Garibaldi no 163,-32.9883957,-60.6349639,Abuso de arma,Balacera contra domicilio,10,,,1
24/1/2020,Villa Gobernador Galvez,"Cervantes y Av. Argentina, Villa Gobernador Galvez",-33.0054474,-60.6177635,Amenazas,,,,,1
25/1/2020,Rosario,Battle y Ordóñez y Buenos Aires,-33.0088009,-60.6446586,Abuso de arma,Herido de arma de fuego,,,,1
25/1/2020,Rosario,Nale Roxlo 4727,-32.9917091,-60.6247012,Abuso de arma,Herido de arma de fuego,2,,,1
25/1/2020,Rosario,Cabia Catastral Nº 1204,,,Abuso de arma,Herido de arma de fuego,,,,1
27/1/2020,Rosario,Ituzaingo no 4570,-32.9522088,-60.6889662,Abuso de arma,Balacera contra domicilio,20,,,1
27/1/2020,Rosario,Fraga A y Mendoza,-32.9401902,-60.7102454,Amenazas,,,,,1
28/1/2020,Rosario,Entre Ríos no 6384,-33.01127410000001,-60.65182230000001,Abuso de arma y amenazas coactivas,Balacera contra domicilio,,,S/D,1
28/1/2020,Rosario,Avenida del Rosario no 3212,-33.0008714,-60.6794515,Amenazas calificadas y Daño a vehiculo,,,,,1
28/1/2020,Rosario,24 de Septiembre y Primero de Mayo,-32.9817499,-60.63818089999999,Abuso de arma,Herido de arma de fuego,,,,1
30/1/2020,Funes,"Garita 7, Ruta Nacional 9, Funes",-32.9233133,-60.79362980000001,Daño y Lesiones,,,,,1
30/1/2020,Rosario,Garibaldi 161,-32.9884058,-60.63494439999999,Abuso de arma,Herido de arma de fuego,,,,1
2/2/2020,Rosario,Felipe Moré 3600,-32.9717687,-60.6926445,Abuso de arma,Balacera contra domicilio,5,,,1
2/2/2020,Rosario,Boulevard 27 de Febrero no 4046,-32.9602604,-60.68358740000001,Abuso de arma,Herido de arma de fuego,,,,1
2/2/2020,Rosario,Riobamba 4400,-32.9548957,-60.68814820000001,Abuso de arma,Balacera contra domicilio,3,,,1
4/2/2020,Rosario,,,,Abuso de arma,Herido de arma de fuego,,,,1
4/2/2020,Rosario,Matienzo y Riobamba,-32.95403599999999,-60.69415609999999,"Abuso de arma, Tentativa robo y Lesiones",Herido de arma de fuego,,,s/d,1
5/2/2020,Rosario,Teresa Monzón 5209,-32.9985831,-60.6877636,Abuso de arma,Balacera contra domicilio,10,,,1
6/2/2020,Rosario,Washington no 1890,-32.904058,-60.7040252,Abuso de arma,Balacera contra domicilio,4,,,1
6/2/2020,Villa Gobernador Galvez,"General Lavalle no 411, Villa Gobernador Galvez",-33.0079351,-60.612285,Abuso de arma,Balacera contra domicilio,2,9mm,,1
7/2/2020,Rosario,Tarragona Bis y Avenida Eva Perón,-32.9290931,-60.7345066,Robo y Lesiones,Herido de arma de fuego,,,S/D,1
9/2/2020,Rosario,Vera Mujica no 3951,-32.9779073,-60.6763056,portacion ilegal de arma de fuego,,,,,1
10/2/2020,Rosario,Boulevard Oroño y Dr. Riva,-32.9809433,-60.6627366,irobo calificado y Lesiones,Herido de arma de fuego,,,S/D,1
11/2/2020,Rosario,Pasaje 1831 no 5925,-32.9742413,-60.70221969999999,Abuso de arma,Balacera contra domicilio,,,S/D,1
11/2/2020,Rosario,Avenida Ponce no 7834,-32.9595634,-60.65796839999999,Abuso de arma,Balacera contra domicilio,1,,,1
11/2/2020,Roldan,"Libertad y Córdoba, Roldán",-32.89037920000001,-60.89783029999999,Abuso de arma,,7,,,1
15/2/2020,Rosario,Alsina no 5327,-32.9819584,-60.6865726,Abuso de arma,Herido de arma de fuego,,,,1
16/2/2020,Rosario,Humberto Primo 2499,-32.930124,-60.69769050000001,Abuso de arma,Balacera contra domicilio,,,S/D,1
16/2/2020,Rosario,Tacai 6020,-32.9817063,-60.7031756,"Tentativa de robo, Abuso de armas y Lesiones dolosas",Herido de arma de fuego,,,,1
19/2/2020,Rosario,Boulevard Avellaneda 5221,-32.99847260000001,-60.6889684,Abuso de arma,Balacera contra domicilio,4,,S/D,1
19/2/2020,Rosario,Av. Arijon y Circunvalacion,-33.001726,-60.619359,Abuso de arma,Herido de arma de fuego,,,S/D,1
20/2/2020,Rosario,Larrea no 1855,-32.95007,-60.69663860000001,Abuso de arma,Herido de arma de fuego,,,S/D,1
20/2/2020,Rosario,Riobamba y las vias,-32.953981,-60.692492,Abuso de arma,Herido de arma de fuego,,,S/D,1
21/2/2020,Villa Gobernador Galvez,"9 de Julio 2135, Villa Gobernador Galvez",-33.026461,-60.6481747,Abuso de arma,Balacera contra domicilio,7,,S/D,1
22/2/2020,Villa Gobernador Galvez,"Liniers 2402, Villa Gobernador Galvez",-33.0295373,-60.64390059999999,Abuso de arma,Balacera contra domicilio,4,,S/D,1
22/2/2020,Rosario,,,,Abuso de arma,Herido de arma de fuego,1,,s/d,1
23/2/2020,Rosario,Avenida Eva Perón 7460,-32.9313908,-60.7215143,Abuso de arma,Disparos a persona,,,S/D,1
23/2/2020,Rosario,Ruta 16 km 3 Establecimiento NONO PAULO,,,Tentativa de robo calificado  y Abuso de arma,,,,S/D,1
23/2/2020,Rosario,,,,Abuso de arma,Herido de arma de fuego,2,,S/D,1
24/2/2020,Rosario,Salta y Iriondo,-32.9338245,-60.6678346,Abuso de arma,Herido de arma de fuego,,,S/D,1
25/2/2020,Rosario,Pasaje Schmidt Mº 3864,-32.984574,-60.624633,Abuso de arma,Herido de arma de fuego,,,S/D,1
25/2/2020,Rosario,Unión no 2890,-32.8869699,-60.7043431,Abuso de armas,Herido de arma de fuego,2,,S/D,1
26/2/2020,Rosario,Iriondo 3835,-32.9762241,-60.67828599999999,Abuso de arma,Balacera contra domicilio,10,9mm,S/D,1
26/2/2020,Rosario,Calle 1882 4368,-32.9803999,-60.69126439999999,Abuso de arma,Balacera contra domicilio,6,,S/D,1
26/2/2020,Rosario,Rauch no 1525,-32.9013567,-60.7031319,Abuso de arma,Balacera contra domicilio,1,,,1
27/2/2020,Rosario,Ameghino 470,-32.9886168,-60.6394971,Abuso de arma y amenazas coactivas,Balacera contra domicilio,7,,S/D,1
29/2/2020,Rosario,Chacabuco no 3919,-32.9854826,-60.6318728,Abuso de arma,Balacera contra domicilio,11,,S/D,1
29/2/2020,Perez,"Rearte no 2353, Pérez",-33.0102342,-60.77444980000001,Abuso de arma,Balacera contra domicilio,,,S/D,1
29/2/2020,Rosario,Acevedo y Juan B. Justo,-32.9158981,-60.7491451,Abuso de arma,Herido de arma de fuego,,,S/D,1
2/3/2020,Rosario,San Lorenzo y Santiago,-32.9409476,-60.65541330000001,Robo calificado,,,,S/D,1
2/3/2020,Rosario,Felipe Moré no 543,-32.9331669,-60.6935842,Abuso de arma,Herido de arma de fuego,,,s/d,1
3/3/2020,Rosario,Platon y Sequeira,,,Abuso de arma,Balacera contra domicilio,9,,S/D,1
4/3/2020,Rosario,Avellaneda 6600,-33.0150529,-60.68934669999999,Abuso de arma,Balacera contra domicilio,6,,S/D,1
4/3/2020,Rosario,Camino Piamonte no 2080,-33.0261851,-60.6704757,Robo calificado,,,,s/d,1
7/3/2020,Villa Gobernador Galvez,"San Nicolás 2634, Villa Gobernador Galvez",-33.03211450000001,-60.63975259999999,Abuso de arma,Balacera contra domicilio,2,,,1
7/3/2020,Rosario,V.Colosio 4112,-32.8792988,-60.7306667,Abuso de arma,Balacera contra domicilio,1,,S/D,1
8/3/2020,Rosario,Barra y Génova,-32.9158881,-60.7081359,Abuso de armas,Herido de arma de fuego,2,,s/d,1
8/3/2020,Rosario,Vélez Sársfield y Bolivia Bis,-32.9260471,-60.71448289999999,Tentativa robo calificado y Lesiones,Herido de arma de fuego,,,s/d,1
9/3/2020,Rosario,Presidente Quintana y Avenida Ovidio Lagos,-32.9784376,-60.67017679999999,robo calificado y Lesiones,Herido de arma de fuego,1,,S/D,1
11/3/2020,Rosario,Blas Parera 1349,-32.9016439,-60.69795449999999,Abuso de arma,Balacera contra domicilio,4,,S/D,1
13/3/2020,Rosario,Estudiante Aguilar 5238,-32.95579680000001,-60.6945826,Robo,Herido de arma de fuego,1,,S/D,1
14/3/2020,Roldan,"Facundo Quiroga no 471, Roldán",-32.9108675,-60.9070226,Abuso de arma,Herido de arma de fuego,,,s/d,1
15/3/2020,Rosario,Donado 1650,-32.909424,-60.7283289,Abuso de arma,Balacera contra domicilio,,,S/D,1
16/3/2020,Rosario,Arias 3187,-32.9792145,-60.6760379,Abuso de arma,Balacera contra domicilio,10,9mm,S/D,1
16/3/2020,Rosario,Arias 3187,-32.9792145,-60.6760379,Abuso de arma,Balacera contra domicilio,10,9mm,S/D,1
16/3/2020,Rosario,Arias 3187,-32.9792145,-60.6760379,Abuso de arma,Balacera contra domicilio,12,9mm,S/D,1
16/3/2020,Rosario,Lainez no 339,-33.0050825,-60.6367711,Abuso de arma,Balacera contra domicilio,,,S/D,1
16/3/2020,Rosario,Manantiales 3700,-32.9725349,-60.68974709999999,Abuso de arma,Herido de arma de fuego,,,S/D,1
17/3/2020,Roldan,"Juan José Paso 663, Roldán",-32.8904418,-60.9044011,Abuso de arma,Disparos al aire,2,,S/D,1
18/3/2020,Rosario,Avenida Santa Coloma 8016,-32.9047619,-60.7358609,Abuso de arma,Balacera contra domicilio,5,9mm,S/D,1
18/3/2020,Rosario,Avenida Santa Coloma 8016,-32.9047619,-60.7358609,Abuso de arma,Balacera contra domicilio,5,9mm,S/D,1
18/3/2020,Rosario,Republica de Argelia 2990,-32.985687,-60.66558670000001,Abuso de arma,Balacera contra domicilio,2,,S/D,1
18/3/2020,Rosario,Republica de Argelia 2990,-32.985687,-60.66558670000001,Abuso de arma,Balacera contra domicilio,2,,S/D,1
18/3/2020,Rosario,Dr. Riva 5626,-32.9756069,-60.6991648,Abuso de arma,Balacera contra domicilio,2,,S/D,1
18/3/2020,Rosario,Castellanos 2990,-32.9654858,-60.6816538,Abuso de arma,Balacera contra domicilio,2,,S/D,1
18/3/2020,Rosario,Mendoza no 3100,-32.9466263,-60.6669011,Robo calificado y Lesiones,Herido de arma de fuego,,,S/D,1
18/3/2020,Rosario,González del Solar Bis y Schweitzer,-32.9138514,-60.73757260000001,Tentativa de robo calificado y Lesiones,Herido de arma de fuego,2,,S/D,1
18/3/2020,Rosario,Leandro N. Alem no 4023,-32.9856052,-60.63762849999999,Abuso de arma,Herido de arma de fuego,,,s/d,1
19/3/2020,Rosario,Boulevard Avellaneda 4415,-32.9840562,-60.6884779,Abuso de arma,Herido de arma de fuego,1,,S/D,1
19/3/2020,Rosario,Calle 1333 y Polledo,-32.8848279,-60.72063029999999,Abuso de arma,Herido de arma de fuego,,,S/D,1
20/3/2020,Rosario,Autopista Rosario-Cordoba y puente peatonal Wilde,-32.949335,-60.738163,Robo calificado y lesiones,Herido de arma de fuego,,,S/D,1
21/3/2020,Rosario,García del Cossio 1226,-32.9154074,-60.7467815,Abuso de arma,Balacera contra domicilio,,,S/D,1
23/3/2020,Rosario,Avenida Pellegrini no 5991,-32.9486664,-60.7040312,Abuso de arma,Balacera contra domicilio,2,,S/D,1
24/3/2020,Rosario,Ayacucho 4000,-32.9868762,-60.63636220000001,Abuso de arma,Herido de arma de  fuego,1,,S/D,1
28/3/2020,Rosario,Pasaje Peatonal 2133,-33.000218,-60.668150,Abuso de arma,Balacera contra domicilio,6,,S/D,1
28/3/2020,Rosario,Naala no 5744,-32.9805885,-60.7000027,Abuso de arma,Balacera contra domicilio,2,,S/D,1
30/3/2020,Rosario,White no 7610,-32.9418595,-60.7244903,Abuso de arma,Herido de arma de fuego,1,,S/D,1
30/3/2020,Rosario,García del Cossio y Génova,-32.9169367,-60.7467351,Abuso de arma,herida de arma de fuego,1,38mm,S/D,1
30/3/2020,Rosario,Lavalle y Pinazo,-32.9760221,-60.68703530000001,Abuso de arma,Herido de arma de fuego,,,S/D,1
3/4/2020,Rosario,Dr. Riva no 137,-32.986278,-60.6340159,Abuso de arma,Balacera contra domicilio,10 aprox,"11,25",S/D,1
4/4/2020,Villa Gobernador Galvez,"Orán no 1706, Villa Gobernador Galvez",-33.0346926,-60.6354949,Abuso de arma,Balacera contra domicilio,,,S/D,1
5/4/2020,Villa Gobernador Galvez,"Buenameson 359, Villa Gobernador Galvez",-33.0045252,-60.61614160000001,Abuso de arma y Amenazas,Balacera contra domicilio,,,S/D,1
5/4/2020,Rosario,Coni 6240,-33.0091914,-60.6408594,Abuso de arma,Balacera contra domicilio,,,S/D,1
5/4/2020,Rosario,Garay no 6055,-32.9662639,-60.70412469999999,Tentativa de robo,Herido de arma de fuego,1,,S/D,1
7/4/2020,Rosario,Pasaje 1373 Nº 1873,-32.898166,-60.709968,Abuso de arma,Balacera contra domicilio,1,,S/D,1
7/4/2020,Rosario,Formosa no 465,-32.9335616,-60.69089079999999,Abuso de arma,Balacera contra domicilio,,,S/D,1
9/4/2020,Rosario,Chaco y Almafuerte,-32.9176039,-60.69474999999999,"Abuso de arma, Amenazas calificadas",Herido de arma de fuego,,,S/D,1
10/4/2020,Rosario,Guillermo Tell y Arrieta,,,Tentativa de robo y Lesiones,Herido de arma de fuego,,,S/D,1
11/4/2020,Granadero Baigorria,"La Paz no 1370, Granadero Baigorria",-32.86200100000001,-60.7303988,Abuso de arma,Balacera contra domicilio,2,,S/D,1
12/4/2020,Villa Gobernador Galvez,"Entre Ríos 2351, Villa Gobernador Galvez",-33.0317772,-60.6274496,Abuso de arma,Balacera contra domicilio,4,,S/D,1
12/4/2020,Rosario,Gálvez no 3850,-32.9617691,-60.681562,Abuso de arma,Balacera contra domicilio,10,,S/D,1
13/4/2020,Rosario,Boedo no 1922,-32.8980269,-60.7059426,Abuso de arma,Herido de arma de fuego,8,9mm,S/D,1
13/4/2020,Rosario,Pasaje 1831 no 5976,-32.9742606,-60.70284909999999,Abuso de arma,Balacera contra domicilio,2,9mm,S/D,1
14/4/2020,Rosario,P. Giachino no 4200,-32.9786025,-60.70011819999999,Abuso de arma,Balacera contra domicilio,4,9mm,S/D,1
14/4/2020,Rosario,Patagones Nº 372,-32.924990,-60.692564,Abuso de arma,Balacera contra domicilio,3,9mm,S/D,1
15/4/2020,Villa Gobernador Galvez,"E. Bordabehere 1333, Villa Gobernador Galvez",-33.0280278,-60.6306974,Abuso de arma,Balacera contra domicilio,,,S/D,1
15/4/2020,Rosario,Lituania y Avenida del Rosario,-32.998102,-60.620117,Abuso de arma,Herido de arma de fuego,5,9mm,S/D,1
16/4/2020,Rosario,Luzarriaga 2735,-32.8898914,-60.7322821,Abuso de arma,Herido de arma de fuego,17,9mm,S/D,1
16/4/2020,Rosario,Bariloche Nª 3136,-32.968360,-60.674437,Abuso de arma,Balacera contra domicilio,,,S/D,1
17/4/2020,Rosario,Boulevard 27 de Febrero y Doctor G. Colombres,-32.9597625,-60.7250895,Abuso de arma,Herido de arma de fuego,1,,S/D,1
17/4/2020,Rosario,Juan XXIII 5729,-32.9731139,-60.70023269999999,Abuso de arma,Balacera contra domicilio,,,S/D,1
18/4/2020,Rosario,Cabal 1200,-32.9136152,-60.7028571,Abuso de arma,Herido de arma de fuego,,,,1
18/4/2020,Rosario,Malvinas Argentinas y las vias,-32.932832,-60.683833,Abuso de arma,Balacera contra domicilio,,2,S/D,1
22/4/2020,Rosario,Naala Nª 6078,-32.980676,-60.703300,Abuso de arma,Herido de arma de fuego,4,,S/D,1
22/4/2020,Rosario,Gaboto 96 bis,-32.976261,-60.628493,Abuso de arma,Balacera contra domicilio,5,,S/D,1
22/4/2020,Rosario,Grandoli no 4058,-32.9878133,-60.6284844,Abuso de arma,Herido de arma de fuego,,,S/D,1
22/4/2020,Rosario,Valparaiso y Garay,-32.96665110000001,-60.6889216,Abuso de arma,Herido de arma de fuego,1,,S/D,1
22/4/2020,Rosario,Rueda y Mariano Moreno,-32.9688357,-60.6567605,Robo calificado,Herido de arma de fuego,,,,1
22/4/2020,Rosario,Avenida Abanderado Grandoli no 4058,-32.9878133,-60.6284844,Abuso de arma y Amenazas,Herido de arma de fuego,4,,,1
23/4/2020,Rosario,Reconquista y Formosa,-32.918558,-60.691840,Abuso de arma,,11,,S/D,1
23/4/2020,Rosario,Gobernador Luciano Molinas 3722,-32.9726306,-60.70969299999999,Abuso de arma,Balacera contra domicilio,18,,S/D,1
23/4/2020,Rosario,Gaboto Nº 72 BIS,-32.976200,-60.628874,Abuso de arma,Balacera contra domicilio,,,S/D,1
24/4/2020,Rosario,Cisneros y Magallanes,,,Abuso de arma,Herido de arma de fuego,3,,S/D,1
25/4/2020,Rosario,Unión no 2700,-32.8890326,-60.7044265,Abuso de arma,Herido de arma de fuego,,,S/D,1
25/4/2020,Rosario,Pasaje 1744 Nª 3561,,,Abuso de arma,Balacera contra domicilio,1,,S/D,1
25/4/2020,Rosario,Berruti no 4281,-32.9900592,-60.63012740000001,Abuso de arma,Balacera contra domicilio,14,,S/D,1
26/4/2020,Rosario,San Nicolás 3727,-32.9745264,-60.680858,Abuso de arma,Balacera contra domicilio,5,9mm,S/D,1
27/4/2020,Rosario,Gutenberg 2280,-32.9545417,-60.6917111,Abuso de arma,Balacera contra domicilio,5,,S/D,1
27/4/2020,Rosario,Gutenberg 2281,-32.9546225,-60.6915671,Abuso de arma,Balacera contra domicilio,,,S/D,1
29/4/2020,Granadero Baigorria,Quinquela Martin Nª 700,,,Abuso de arma,Herido de arma de fuego,1,,S/D,1
29/4/2020,Rosario,Bolivia no 2126,-32.9537713,-60.7134662,Abuso de arma y Amenazas,Balacera contra domicilio,2,9mm,S/D,1
30/4/2020,Rosario,Aurora 3892,-32.9997216,-60.68767630000001,Abuso de arma,Balacera contra domicilio,30,,S/D,1
1/5/2020,Rosario,Avenida de Pineda y Crotone,-33.0178199,-60.64479979999999,Abuso de arma,Heridos de arma de fuego,,,S/D,1
1/5/2020,Rosario,Baigorria 2473,-32.8940059,-60.7158111,Abuso de arma,Balacera contra domicilio,,,S/D,1
1/5/2020,Rosario,Manuel García 2197,-32.8952167,-60.7141973,Abuso de arma,Balacera contra domicilio,7,9mm,S/D,1
2/5/2020,Rosario,Boulevard 27 de Febrero 4470,-32.9592226,-60.6894615,Abuso de arma y amenazas coactivas,Balacera contra domicilio,1,9mm,S/D,1
2/5/2020,Rosario,Pasaje 1744 Nª 1960,-32.951496,-60.720819,Abuso de arma,Balacera contra domicilio,7,,S/D,1
4/5/2020,Rosario,Esmeralda 3124,-32.97663560000001,-60.6283773,Abuso de arma,Balacera contra domicilio,21,,S/D,1
4/5/2020,Rosario,Felipe Moré 480,-32.9326225,-60.69394189999999,Abuso de arma,Herido de arma de fuego,2,,S/D,1
4/5/2020,Rosario,Fraga Bis 1145,-32.9155608,-60.71176449999999,Abuso de arma,Balacera contra domicilio,,,S/D,1
4/5/2020,Villa Gobernador Galvez,"Pje. 4 y Riccheri, Villa Gobernador Galvez",-33.0291786,-60.65324779999999,Abuso de arma,Herido de arma de fuego,,,,1
5/5/2020,Rosario,Marull y Valentín Gomez,-32.9071128,-60.6931453,Abuso de arma,Herido de arma de fuego,2,,S/D,1
5/5/2020,Rosario,Necochea 3850,-32.9843584,-60.6333298,Abuso de arma,Balacera contra domicilio,2,,S/D,1
6/5/2020,Rosario,Rio de Janeiro 3100,-32.96608850000001,-60.6874785,Abuso de arma,Balacera contra domicilio,,,S/D,1
8/5/2020,Villa Gobernador Galvez,"Buenos Aires 2175, Villa Gobernador Galvez",-33.0266063,-60.6384966,Abuso de arma,Herido de arma de fuego,,,S/D,1
8/5/2020,Funes,Urquiza y Arturo Illia,-32.927534,-60.769918,Abuso de arma,,,,S/D,1
8/5/2020,Villa Gobernador Galvez,"Bomberos Voluntarios y Avenida Soldado Aguirre, Villa Gobernador Galvez",-33.0290833,-60.6329193,Abuso de arma,Balacera contra domicilio,,,S/D,1
9/5/2020,Rosario,Campbell 3950,-32.9754193,-60.7063716,Abuso de arma,Balacera contra domicilio,8,9mm,S/D,1
9/5/2020,Rosario,Campbell 3950,-32.9754193,-60.7063716,Abuso de arma,Balacera contra domicilio,8,9mm,S/D,1
9/5/2020,Rosario,Boulevard Avellaneda 3324,-32.9685349,-60.6867573,Abuso de arma,Balacera contra domicilio,,,S/D,1
9/5/2020,Villa Gobernador Galvez,"Pasaje los Andes 3328, Villa Gobernador Galvez",-33.0341613,-60.6603191,Abuso de arma,Balacera contra domicilio,,,S/D,1
9/5/2020,Villa Gobernador Galvez,"La Rioja y E. Zola, Villa Gobernador Galvez",-33.0273408,-60.6203276,Tentativa de robo calificado  y Abuso de arma,Herido de arma de fuego,1,,S/D,1
10/5/2020,Villa Gobernador Galvez,"Santa Rosa 704, Villa Gobernador Galvez",-33.040444,-60.617079,Abuso de arma,Balacera contra domicilio,2,,S/D,1
10/5/2020,Rosario,Bordabehre y La Via,,,Abuso de arma,Balacera contra domicilio,9,9mm,S/D,1
10/5/2020,Rosario,Chaparro 1538,-32.9467856,-60.7306514,Abuso de arma,Balacera contra domicilio,7,,S/D,1
10/5/2020,Rosario,Calle Grandoli y Juan María Gutiérrez,-32.9933995,-60.6287574,Abuso de arma,Herido de arma de fuego,2,,S/D,1
10/5/2020,Rosario,,,,Abuso de arma y amenazas coactivas,Herido de arma blanca,,,S/D,1
11/5/2020,Rosario,Santa María 4259,-32.9748959,-60.6831715,Abuso de arma,Herido de arma de fuego,2,,S/D,1
13/5/2020,Rosario,Rueda 4500,-32.9627807,-60.69000829999999,Abuso de arma,Balacera contra domicilio,1,,S/D,1
13/5/2020,Rosario,Garibaldi 6100,-32.9789225,-60.6873811,Robo calificado,Herido de arma de fuego,,,S/D,1
14/5/2020,Rosario,Larrea Bis 360,-32.9245012,-60.697981,Robo calificado,,,,,1
14/5/2020,Rosario,Larrea 4388,-32.9807667,-60.6958473,Abuso de arma e incendio automotor,,,,S/D,1
14/5/2020,Rosario,B. Fernández Moreno 2669,-32.8879458,-60.71876909999999,Abuso de arma,Balacera contra domicilio,4,,S/D,1
15/5/2020,Rosario,San Nicolás y Gaboto,-32.9672359,-60.6791408,Robo calificado,Herido de puño,,,S/D,1
15/5/2020,Rosario,Avenida Rivarola y Campodonico,-32.9663583,-60.7272634,Robo calificado,,,,,1
15/5/2020,Rosario,Sanchez de Thompson N° 200 bis,-32.992437,-60.625736,Abuso de arma,Balacera contra domicilio,31,9mm,S/D,1
15/5/2020,Rosario,Pascual Rosas N° 4546,,,Abuso de arma,Herido de arma de fuego,14,9mm,S/D,1
15/5/2020,Rosario,Boulevard Oroño 4300,-32.9842336,-60.6632356,Abuso de arma,Balacera contra domicilio,7/8 aprox,,S/D,1
16/5/2020,Rosario,Boedo 1922,-32.8980269,-60.7059426,Abuso de arma,Herido de arma de fuego,9,9mm,SI,1
16/5/2020,Rosario,Wagner 1100,-32.9854088,-60.6479678,Abuso de arma,,3,9mm,,1
16/5/2020,Rosario,Pellegrini entre balcarce y moreno,-32.9548793,-60.65468139999999,aprehension por actuaciones policiales,,,,S/D,1
16/5/2020,Rosario,Pasaje 705 N° 2140,-32.918576,-60.692470,Abuso de arma,Herido de arma de fuego,7,,S/D,1
17/5/2020,Rosario,Pasco 5927,-32.9508423,-60.70319670000001,Abuso de arma,Herido de arma de fuego,1,,,1
17/5/2020,Rosario,Vera Mujica 3977,-32.9776084,-60.67622660000001,Abuso de arma,Balacera contra domicilio,,,S/D,1
18/5/2020,Rosario,Valparaiso 3025,-32.9647588,-60.6883759,Abuso de arma,Balacera contra domicilio,3,,S/D,1
18/5/2020,Rosario,Pedro Lino Funes y Cane,-32.9437464,-60.70108039999999,Robo calificado,,,,S/D,1
18/5/2020,Villa Gobernador Galvez,"Santiago del Estero y 17 de Octubre, Villa Gobernador Galvez",-33.01062,-60.60961,Robo calificado,,,,S/D,1
18/5/2020,Rosario,Avenida del Rosario 3920,-33.0012416,-60.68682639999999,Abuso de arma y Amenazas,Balacera contra domicilio,4,,S/D,1
18/5/2020,Rosario,Patagones N° 4118,,,Abuso de arma,Balacera contra domicilio,,,S/D,1
18/5/2020,Granadero Baigorria,AP01 Km02,,,Abuso de arma,Herido de arma de fuego,,,S/D,1
18/5/2020,Rosario,Bv. Avellaneda y Riobamba,-32.9557055,-60.68327069999999,Abuso de arma,Balacera contra domicilio,,,S/D,1
18/5/2020,Rosario,Lima 2900,-32.9640634,-60.6895179,Abuso de arma,,,,,1
19/5/2020,Rosario,Suipacha entre 3 de febrero y 9 de Julio,-32.9481772,-60.6657759,Robo calificado,,,,S/D,1
21/5/2020,Rosario,Lavalle 3063,-32.9659352,-60.6842766,Abuso de arma,Herido de arma de fuego,3,,S/D,1
22/5/2020,Rosario,Vera Mujica y Avenida Presidente Perón,-32.956153,-60.67065339999999,Robo calificado,Herido de arma de fuego,,,S/D,1
23/5/2020,Rosario,Presidente Quintana N° 290 BIS,-32.985808,-60.628638,Abuso de arma,Balacera contra domicilio,6,,S/D,1
23/5/2020,Villa Gobernador Galvez,Liniers 2035,-33.025148,-60.644076,Abuso de arma,Balacera contra domicilio,9,,S/D,1
24/5/2020,Rosario,Anchoris 1657,-32.8993958,-60.69930069999999,Abuso de arma,Balacera contra domicilio,6,9mm,S/D,1
24/5/2020,Rosario,Juan Pablo II N° 186 bis,-32.927682,-60.722819,Abuso de arma,Balacera contra domicilio,4,9mm,S/D,1
24/5/2020,Rosario,,,,,,,,,1
24/5/2020,Rosario,San Martín y Platon,-33.0201048,-60.65304940000001,Abuso de arma,Herido de arma de fuego,,,,1
25/5/2020,Rosario,Machaín 1460,-32.9008447,-60.6975691,Abuso de arma,Balacera a automoviles,7,9mm,S/D,1
25/5/2020,Rosario,Machaín 1400,-32.901385,-60.69750289999999,Abuso de arma,Balacera a automoviles,7,9mm,S/D,1
25/5/2020,Villa Gobernador Galvez,Avenida Pellegrini 2648,-33.032016,-60.648839,Abuso de arma,Balacera contra domicilio,,,S/D,1
25/5/2020,Rosario,1 de Mayo 1446,-32.9558245,-60.63193940000001,Abuso de arma,Herido de arma de fuego,1,,S/D,1
25/5/2020,Rosario,Pascual Rosas (no recuerda altura),,,Abuso de arma,Herido de arma de fuego,,,S/D,1
25/5/2020,Rosario,J. M. Paz y Lamadrid,-32.9964305,-60.62735189999999,Abuso de arma,Herido de arma de fuego,7,,S/D,1
26/5/2020,Villa Gobernador Galvez,"Pasaje 6 1827, Villa Gobernador Galvez",-33.0312388,-60.6372531,Abuso de arma,Balacera contra domicilio,13,,S/D,1
26/5/2020,Villa Gobernador Galvez,"Pasaje 6 1827, Villa Gobernador Galvez",-33.0312388,-60.6372531,Abuso de arma,Balacera contra domicilio,13,,S/D,1
26/5/2020,Rosario,Boulevard 27 de Febrero y Brasil,-32.9595088,-60.7187847,Abuso de arma,Herido de arma de fuego,1,,S/D,1
26/5/2020,Rosario,José María Rosa 1876,-32.951028,-60.722552,Abuso de arma,Balacera contra domicilio,2,,S/D,1
26/5/2020,Villa Gobernador Galvez,Liniers 2061,-33.025527,-60.644070,Abuso de arma,Balacera contra domicilio,8,,S/D,1
27/5/2020,Rosario,Cristal 7073,-33.0208041,-60.68862300000001,Abuso de arma,Balacera contra domicilio,30,9mm,S/D,1
27/5/2020,Villa Gobernador Galvez,"Pasaje 6 1847, Villa Gobernador Galvez",-33.0311911,-60.63747170000001,Abuso de arma,,,,SI,1
27/5/2020,Rosario,Chubut 7650,-32.9459618,-60.72596900000001,Abuso de arma,Balacera contra domicilio,3,,S/D,1
28/5/2020,Villa Gobernador Galvez,"Cervantes 645, Villa Gobernador Galvez",-33.0094009,-60.6174892,Abuso de arma,Balacera contra domicilio,4,,S/D,1
28/5/2020,Villa Gobernador Galvez,"Cervantes 645, Villa Gobernador Galvez",-33.0094009,-60.6174892,Abuso de arma,Balacera contra domicilio,4,,S/D,1
28/5/2020,Rosario,José Ingenieros 8435,-32.9180751,-60.74504289999999,Abuso de arma,Balacera contra domicilio,2,,S/D,1
28/5/2020,Rosario,Calle 1746 2078,-32.9540532,-60.7236349,Abuso de arma,Herido de arma de fuego,1,,s/d,1
28/5/2020,Rosario,Ramón Lista 3762,-32.9830219,-60.6852701,Abuso de arma y Amenazas,Balacera contra domicilio,1,40MM,,1
29/5/2020,Rosario,Virasoro N° 196 Bis,-32.972873,-60.627521,Abuso de arma,Balacera contra domicilio,,,S/D,1
30/5/2020,Rosario,Alsina 2691,-32.9616732,-60.68174639999999,Abuso de arma,Balacera contra domicilio,,,S/D,1
30/5/2020,Rosario,Boulevard Avellaneda 3858,-32.9746614,-60.68829139999999,Robo,,,,S/D,1
30/5/2020,Villa Gobernador Galvez,"Pueyrredón y Magallanes, Villa Gobernador Galvez",-33.0330325,-60.6347127,Abuso de arma,Herido de arma de fuego,6,,S/D,1
31/5/2020,Rosario,Buchanan y Pasaje Williams,-32.88131,-60.6942228,Abuso de arma,Balacera a automoviles,1,,S/D,1
31/5/2020,Villa Gobernador Galvez,"Pueyrredón y Magallanes, Villa Gobernador Galvez",-33.0330325,-60.6347127,Abuso de arma,Herido de arma de fuego,6,,S/D,1
1/6/2020,Rosario,Dr. Riva 1744,-32.9820248,-60.6564105,Robo calificado,,,,S/D,1
1/6/2020,Rosario,J. M. Gutiérrez 2600,-32.994703,-60.67078679999999,Abuso de arma,Herido de arma de fuego,,,,1
1/6/2020,Rosario,,,,Abuso de arma,Herido de arma de fuego,,,,1
2/6/2020,Rosario,Dr. Riva 6077,-32.975704,-60.704068,Abuso de arma,Balacera contra domicilio,,,si,1
2/6/2020,Rosario,Mendoza 4002,-32.9443272,-60.67918599999999,Robo,,,,S/D,1
2/6/2020,Rosario,Hilarión de la Quintana 700,-33.0008137,-60.64503200000001,Tentativa de robo calificado,Herido de arma de fuego,,,S/D,1
2/6/2020,Rosario,Larralde 3167,-32.9666355,-60.72589070000001,Abuso de arma,Herido de arma de fuego,1,,S/D,1
3/6/2020,Rosario,Bertole 8254,-32.9655741,-60.730298,Abuso de arma,Amenazas calificadas,,,s/d,1
4/6/2020,Villa Gobernador Galvez,García González 3435,-33.033589,-60.661259,Abuso de arma,Balacera contra domicilio,,,S/D,1
4/6/2020,Rosario,Cafferata no 1900,-32.9537477,-60.67433,Tentativa de robo calificado,Balacera,1,32 auto CBC,S/D,1
4/6/2020,Rosario,Ecuador y Arévalo,-32.9307398,-60.71538880000001,Robo,,,,S/D,1
5/6/2020,Rosario,Cerrito 193 Bis,-32.965116,-60.624096,Abuso de arma,Balacera contra domicilio,,,S/D,1
5/6/2020,Rosario,Cerrito 193 Bis,-32.965116,-60.624096,Abuso de arma,Balacera contra domicilio,,,S/D,1
5/6/2020,Rosario,Doctor Medina 6700,-33.0190649,-60.69015330000001,Abuso de arma,Herido de arma de fuego,1,,S/D,1
6/6/2020,Rosario,Felipe Moré y Virasoro,-32.9610976,-60.6929609,Abuso de arma,Herido de arma de fuego,1,,S/D,1
6/6/2020,Rosario,Riobamba 5089,-32.9542432,-60.6931164,Abuso de arma,Balacera contra domicilio,1,,S/D,1
6/6/2020,Rosario,Calle 1717 Nº 7362,-32.969413,-60.719686,Abuso de arma,Herido de arma de fuego,1,,S/D,1
7/6/2020,Rosario,E. Espinosa 5350,-32.9764067,-60.69511769999999,Abuso de arma,Balacera contra domicilio,7,,S/D,1
7/6/2020,Rosario,Callao 1600,-32.9523667,-60.6624566,Abuso de arma,Balacera contra domicilio,1,,S/D,1
8/6/2020,Rosario,Blomberg 2669,-32.8879667,-60.7193004,Abuso de arma,Balacera contra domicilio,,,S/D,1
8/6/2020,Rosario,Teniente Juan Sanchez 4668,-32.990834,-60.621716,Abuso de arma,Balacera contra domicilio,2,,S/D,1
9/6/2020,Villa Gobernador Galvez,"Pasaje Ferrari 2635, Villa Gobernador Galvez",-33.0371189,-60.6484013,Abuso de arma,Balacera contra domicilio,,,S/D,1
9/6/2020,Rosario,Ayacucho 4000,-32.9868762,-60.63636220000001,Abuso de arma,Balacera contra domicilio,,,,1
9/6/2020,Rosario,Monte Flores y Central,,,Robo calificado,Herido de arma de fuego,8,,,1
11/6/2020,Villa Gobernador Galvez,"Orán 1800, Villa Gobernador Galvez",-33.0347259,-60.63682619999999,Abuso de arma,Herido de arma de fuego,1,,S/D,1
11/6/2020,Rosario,Brandazza 2930,-32.967102,-60.66623199999999,Abuso de arma,Herido de arma de fuego,1,,,1
12/6/2020,Rosario,"GCR, Italia 2600",-32.9657432,-60.65333010000001,Abuso de arma,Balacera contra domicilio,26,9mm,S/D,1
13/6/2020,Rosario,Avenida Casiano Casas 1341,-32.9031165,-60.7017809,Abuso de arma,Balacera a automoviles,7,9mm,S/D,1
13/6/2020,Rosario,Uriarte 950,-32.8996474,-60.69407809999999,Abuso de arma,Balacera contra domicilio,1,9mm,S/D,1
13/6/2020,Granadero Baigorria,Pastro N° 1130,,,Abuso de arma,Balacera contra domicilio,4,9mm,S/D,1
13/6/2020,Rosario,Rufino Ortega 273 Bis,-32.981211,-60.626854,Abuso de armas,Balacera contra domicilio,1,,S/D,1
13/6/2020,Rosario,Entre Ríos 2913,-32.9707987,-60.6470795,Abuso de arma,Balacera contra domicilio,6,,,1
14/6/2020,Rosario,Parque Urquiza por Avenida Pellegrini,-32.960467,-60.621921,Abuso de arma,Herido de arma de fuego,1,,S/D,1
15/6/2020,Rosario,Rossini y Republic Dominicana Bis,-32.9237365,-60.690191,Abuso de arma,Herido de arma de fuego,10,9mm,S/D,1
15/6/2020,Rosario,Pasaje Film y Juan B Justo,,,Abuso de arma,Herido de arma de fuego,,,,1
16/6/2020,Rosario,Calle Nicaragua 2073,-32.9532419,-60.720076,Abuso de arma,Herido de arma de fuego,2,,S/D,1
16/6/2020,Rosario,Esquivel y Avenida Casiano Casas,-32.9011506,-60.7051566,Abuso de arma,Balacera contra domicilio,3,9mm,S/D,1
16/6/2020,Rosario,Julio Marc 2035,-32.9928808,-60.66372399999999,Abuso de arma,Balacera contra domicilio,,,,1
17/6/2020,Granadero Baigorria,"Charcas 1477, Granadero Baigorria",-32.858896,-60.72043799999999,Abuso de arma,Balacera contra domicilio,11,9mm,S/D,1
17/6/2020,Rosario,Pasaje Lobos N° 3960,,,Abuso de arma,Balacera contra domicilio,12,9mm,S/D,1
17/6/2020,Rosario,Cochabamba y Berruti,-32.9616714,-60.6231136,Abuso de arma y Lesiones,Herido de arma de fuego,1,,S/D,1
17/6/2020,Rosario,Cerrito 148 Bis,-32.964950,-60.624719,Abuso de arma,Balacera contra domicilio,7,380,S/D,1
17/6/2020,Rosario,Blomberg 2700,-32.8870897,-60.7194041,Abuso de arma,Herido de arma de fuego,3,,S/D,1
18/6/2020,Rosario,Matheu 2806,-32.8889252,-60.7225281,Abuso de arma,Balacera contra domicilio,8,,S/D,1
19/6/2020,Rosario,Regimiento 11 2285,-32.9994366,-60.66620349999999,Abuso de arma,Balacera contra domicilio,6,,S/D,1
19/6/2020,Rosario,La República y Tarragona Bis,-32.9192039,-60.73503579999999,Robo,,,,S/D,1
19/6/2020,Rosario,Calle Pasaje 509 1700,-33.0128473,-60.6569825,Abuso de arma,Herido de arma de fuego,1,,S/D,1
19/6/2020,Rosario,Garay 3197,-32.9694933,-60.6738259,Abuso de arma,Balacera contra domicilio,,,S/D,1
20/6/2020,Rosario,Presidente Quintana 454 Bis,-32.985387,-60.626034,Abuso de arma,,7,,,1
20/6/2020,Rosario,Servando Bayo y Pasco,-32.9512434,-60.6879083,Abuso de arma,Herido de arma de fuego,3,,S/D,1
20/6/2020,Rosario,Sánchez de Loria Bis 977,-32.9179885,-60.7327228,Abuso de arma,Amenazas,,,S/D,1
21/6/2020,Rosario,RIvera 1220,-32.889342,-60.700441,Abuso de armas,Amenazas calificadas,,,S/D,1
22/6/2020,Rosario,Dr. Riva y Mariano Moreno,-32.9814526,-60.65992840000001,Abuso de arma,Disparos al aire,,,S/D,1
22/6/2020,Rosario,Amenabar 6345,-32.9639206,-60.7075588,Abuso de arma,Herido de arma de fuego,,,S/D,1
22/6/2020,Rosario,Campbell 2956,-32.9633412,-60.7071579,Abuso de arma,Herido de arma de fuego,6,380,S/D,1
22/6/2020,Granadero Baigorria,"Suipacha 1478, Granadero Baigorria",-32.8592209,-60.7217595,Abuso de arma,Balacera contra domicilio,6,9mm,S/D,1
23/6/2020,Rosario,Pasaje 1112 3136,-32.9654158,-60.6894365,Abuso de arma,Balacera contra domicilio,,,S/D,1
23/6/2020,Rosario,Berruti 1886,-32.9626277,-60.6234417,Abuso de arma,Herido de arma de fuego,,,,1
24/6/2020,Rosario,Pasaje 1368 3225,-32.8854013,-60.72214929999999,Abuso de arma,Balacera contra domicilio,3,,S/D,1
26/6/2020,Rosario,Quinta Biselli 5602,-32.972194,-60.699314,Abuso de arma,Balacera contra domicilio,6,9mm,S/D,1
26/6/2020,Rosario,Quinta Biselli 5602,-32.972194,-60.699314,Abuso de arma,Balacera contra domicilio,6,9mm,S/D,1
26/6/2020,Rosario,Esmeralda 4241,-32.98949,-60.6314081,Abuso de arma,Balacera contra domicilio,2,,s/d,1
26/6/2020,Rosario,Lamadrid 98 Bis,-32.996387,-60.627486,Abuso de arma,Balacera contra domicilio,43,,,1
28/6/2020,Villa Gobernador Galvez,"Salta 364, Villa Gobernador Galvez",-33.0082353,-60.6111227,Abuso de arma,Balacera contra domicilio,2,SP380,S/D,1
28/6/2020,Rosario,Casilda y Liniers,-32.9287444,-60.6989664,Abuso de arma,Herido de arma de fuego,1,,S/D,1
28/6/2020,Rosario,Colón 4243,-32.9852144,-60.6347298,Abuso de arma,Herido de arma de fuego,,,,1
29/6/2020,Rosario,Mexico 2018,-32.9525343,-60.7179082,Abuso de arma,Amenazas,,,,1
29/6/2020,Rosario,Mexico 2016,-32.9525131,-60.7179094,Abuso de arma,Balacera contra domicilio,4,,S/D,1
29/6/2020,Rosario,Lejarza 6084,-32.9666133,-60.7042837,Abuso de arma,Balacera contra domicilio,4,,S/D,1
30/6/2020,Rosario,Alice 5078,-32.9960982,-60.626816,Abuso de arma,Balacera contra domicilio,8,,,1
1/7/2020,Rosario,White 7529,-32.942595,-60.723443,Abuso de arma,Balacera contra domicilio,21,,S/D,1
1/7/2020,Rosario,Laprida 934,-32.949059,-60.634412,Abuso de arma,Balacera contra domicilio,1,,S/D,1
1/7/2020,Rosario,Venecia 3987,-32.97650369999999,-60.6863658,Abuso de arma,Herido de arma de fuego,,,,1
1/7/2020,Rosario,24 de Septiembre 3713,-32.9739941,-60.6824586,Abuso de arma,Balacera contra domicilio,4,,,1
2/7/2020,Rosario,Superí 1498,-32.8959976,-60.7013435,Abuso de arma,Balacera contra domicilio,5,,S/D,1
2/7/2020,Rosario,Boulevard Avellaneda 4590,-32.9848078,-60.6888725,Abuso de arma,Balacera contra domicilio,7,,SI,1
2/7/2020,Roldan,"Juan José Paso 645, Roldán",-32.89048,-60.9041673,Abuso de arma,Balacera contra domicilio,7,,S/D,1
2/7/2020,Roldan,"Juan José Paso 645, Roldán",-32.89048,-60.9041673,Abuso de arma,Balacera contra domicilio,7,,S/D,1
2/7/2020,Rosario,Mitre y Entre Rios,,,Abuso de arma,Herido de arma de fuego,9,9mm,S/D,1
2/7/2020,Villa Gobernador Galvez,"Avenida Cafferata 2770, Villa Gobernador Galvez",-33.0337597,-60.6409658,Abuso de arma,Herido de arma de fuego,1,,,1
3/7/2020,Rosario,Juan XXIII (ex Biedma) 5676,-32.9729412,-60.69962029999999,Abuso de arma,Balacera contra domicilio,8,9mm,S/D,1
3/7/2020,Rosario,Humberto Primo y las vias,-32.929920,-60.692148,Abuso de arma,Herido de arma de fuego,,,,1
4/7/2020,Villa Gobernador Galvez,"Suipacha y Pasaje 1, Villa Gobernador Galvez",-33.0350151,-60.6248169,Abuso de arma,Herido de arma de fuego,,,,1
4/7/2020,Rosario,Buenos Aires y Battle y Ordóñez,-33.0088009,-60.6446586,Abuso de arma,Herido de arma de fuego,,,,1
4/7/2020,Rosario,Mattos 3564,-32.9585664,-60.67643769999999,robo,,,,,1
4/7/2020,Rosario,Av. Rivarola y Anderson,-32.9661556,-60.7214507,Abuso de arma,Herido de arma de fuego,,,,1
4/7/2020,Rosario,Paraguay 6403,-33.0122275,-60.6541704,Abuso de arma,Herido de arma de fuego,2,,,1
5/7/2020,Rosario,,,,,Herido de arma de fuego,2,,Si,1
5/7/2020,Rosario,Olive 1900,-32.913239,-60.69166939999999,Abuso de arma,Herido de arma de fuego,,,,1
6/7/2020,Rosario,Superí 2155,-32.896918,-60.710928,Abuso de arma,Balacera contra domicilio,9,9mm,,1
6/7/2020,Villa Gobernador Galvez,,,,Abuso de arma,Herido de arma de fuego,,,,1
6/7/2020,Rosario,"Bariloche 3136, DWD",-32.968590,-60.674510,Abuso de arma,Balacera contra domicilio,5,,,1
6/7/2020,Rosario,Centeno 231 Bis,-32.988166,-60.629295,Abuso de arma,Balacera contra domicilio,,,,1
7/7/2020,Rosario,Urquiza 3752,-32.9363288,-60.6735923,Abuso de armas,Balacera contra domicilio,9,9mm,S/D,1
8/7/2020,Rosario,San Nicolás 5387,-33.0003933,-60.6849649,Abuso de arma,Herido de arma de fuego,1,,,1
9/7/2020,Rosario,José Ingenieros 7943,-32.9177574,-60.7338356,Abuso de arma,Herido de arma de fuego,,,,1
9/7/2020,Rosario,San Nicolás 3034,-32.9665367,-60.67904249999999,Abuso de arma,Herido de arma de fuego,1,,,1
9/7/2020,Rosario,San Juan y Camilo Aldao,-32.9406468,-60.6959261,Tentativa de robo calificado,Herido de arma de fuego,1,,,1
9/7/2020,Villa Gobernador Galvez,"Nuestra Señora de la Paz 456, Villa Gobernador Galvez",-33.0082586,-60.61463879999999,Abuso de arma,Balacera contra domicilio,7,,,1
10/7/2020,Rosario,Brasil Bis 746,-32.919962,-60.7205081,Abuso de arma,Balacera contra domicilio,2,,,1
10/7/2020,Rosario,Suipacha no 2089,-32.9571169,-60.6679614,Abuso de arma,Balacera contra domicilio,,,,1
10/7/2020,Rosario,Medici 4869,-32.9931367,-60.63526890000001,Amenazas e intimidacion publica con arma de fuego,Balacera contra domicilio,,,,1
11/7/2020,Rosario,Vera Mujica 1717,-32.9524323,-60.6696147,Abuso de arma,Balacera contra domicilio,2,"11,25",S/D,1
11/7/2020,Villa Gobernador Galvez,"Nogués 380, Villa Gobernador Galvez",-33.0130838,-60.611206,Abuso de arma,Balacera contra domicilio,3,,SI,1
11/7/2020,Rosario,San Juan 5415,-32.94078410000001,-60.6974208,Robo calificado,Herido de arma de fuego,,,,1
11/7/2020,Villa Gobernador Galvez,"General López 154, Villa Gobernador Galvez",-33.0164861,-60.6056441,Abuso de arma,Balacera contra domicilio,8,9mm,,1
11/7/2020,Villa Gobernador Galvez,"General López 166, Villa Gobernador Galvez",-33.0164398,-60.60599999999999,Abuso de arma,Balacera contra domicilio,8,9mm,,1
11/7/2020,Rosario,Ayacucho 4000,-32.9863802,-60.6363887,Abuso de arma,Herido de arma de fuego,,,,1
11/7/2020,Villa Gobernador Galvez,"Caseros 2975, Villa Gobernador Galvez",-33.025654,-60.63858990000001,Abuso de arma,Herido de arma de fuego,,,,1
11/7/2020,Rosario,Chacabuco 3489,-32.9804442,-60.6305768,Abuso de arma y Amenazas,Balacera contra domicilio,3,,,1
11/7/2020,Villa Gobernador Galvez,Rafael Obligado y Costanera,-33.034104,-60.584422,Abuso de arma,Balacera contra domicilio,3,,,1
11/7/2020,Villa Gobernador Galvez,"Libertad y Casilda, Villa Gobernador Galvez",-33.0204086,-60.6097755,Abuso de arma,Balacera contra domicilio,9,,,1
11/7/2020,Rosario,Pte. Roca 3950,-32.9817168,-60.6544257,Abuso de arma,Herido de arma de fuego,,,,1
11/7/2020,Rosario,Bielsa 6430,-32.9237243,-60.71015389999999,Abuso de arma,Herido de arma de fuego,,,,1
12/7/2020,Villa Gobernador Galvez,"Comandante Espora 375, Villa Gobernador Galvez",-33.0238389,-60.610556,Abuso de arma,Balacera contra domicilio,5,,,1
12/7/2020,Villa Gobernador Galvez,"17 de Octubre y Gral. López, Villa Gobernador Galvez",-33.0166397,-60.6092295,Abuso de arma,Balacera contra domicilio,12,,,1
12/7/2020,Rosario,Rueda y Convención,-32.9745078,-60.6250193,Robo calificado,Herido de arma de fuego,1,,,1
12/7/2020,Rosario,España 4975,-32.9948713,-60.6578625,Abuso de arma,Herido de arma de fuego,,,,1
13/7/2020,Rosario,Cochabamba  y las vías,-32.949160,-60.692533,Abuso de arma,Disparos a personal policial,,,,1
14/7/2020,Rosario,Talcahuano 3272,-32.8768233,-60.73044059999999,Abuso de arma,Herido de arma de fuego,1,,,1
15/7/2020,Rosario,Pueyrredón 3962,-32.9797921,-60.6667964,Abuso de arma,Balacera contra domicilio,12,,,1
15/7/2020,Rosario,Castagnino 1981,-32.9007929,-60.7075173,Abuso de arma,,6,,,1
16/7/2020,Rosario,Bertole 6905,-32.9650024,-60.71433399999999,Abuso de arma y Amenazas,Balacera contra domicilio,8,380,,1
17/7/2020,Rosario,Castagnino 1981,-32.9007929,-60.7075173,Abuso de arma,Herido de arma de fuego,4,9mm,,1
18/7/2020,,,,,Abuso de arma,Balacera contra domicilio,,,si,1
19/7/2020,Rosario,Av. Acevedo y Hutchinson,-32.9842546,-60.6785487,Abuso de arma,Herido de arma de fuego,,,,1
19/7/2020,Rosario,Cullen Bis y Juan B. Justo,-32.914848,-60.7099581,Abuso de arma,Herido de arma de fuego,,,,1
19/7/2020,Rosario,Garay 5956,-32.9659713,-60.7028606,Abuso de arma,Balacera contra domicilio,5,"3,8",,1
19/7/2020,Villa Gobernador Galvez,"Avenida Pellegrini 3071, Villa Gobernador Galvez",-33.0322772,-60.65504980000001,"Abuso de arma , Tentativa de robo  y Lesiones en riña",,1,,,1
19/7/2020,Rosario,Cambel casa N° 14 celeste,,,Abuso de arma,Balacera contra domicilio,9,9mm,,1
20/7/2020,Rosario,Venecia 3987,-32.97650369999999,-60.6863658,Abuso de arma,Balacera contra domicilio,,,,1
21/7/2020,Rosario,Larrechea 1575,-32.8985742,-60.7013998,Abuso de arma,Balacera contra domicilio,3,,,1
21/7/2020,Rosario,Calle 1756 2061,-32.9540061,-60.72739389999999,Abuso de arma,Herido de arma de fuego,10,9mm,,1
21/7/2020,Rosario,,,,Abuso de arma,Balacera contra domicilio,3,,,1
22/7/2020,Rosario,Maradona y Pasaje N° 114,,,Abuso de arma,,10,,,1
23/7/2020,Rosario,Dean Funes 3149,-32.9706786,-60.6732677,Abuso de arma,Balacera contra domicilio,15,9mm,,1
25/7/2020,Rosario,Razzori 4091,-32.879286,-60.732266,Abuso de arma,Balacera contra domicilio,7,,,1
25/7/2020,Rosario,Cullen 1300 bis,-32.913193,-60.710043,Abuso de arma,,7,9mm,,1
27/7/2020,Rosario,Sarmiento Nº 5549 (se corta en 5300),,,Abuso de arma,Balacera contra domicilio,3,,,1
27/7/2020,Rosario,Garay 3221,-32.9694332,-60.67440260000001,Abuso de arma,Balacera contra domicilio,5,,,1
27/7/2020,Rosario,Madre Cabrini 1475,-33.0052781,-60.6542445,Abuso de arma,Balacera contra domicilio,,,,1
27/7/2020,Rosario,Avenida Nuestra Señora del Rosario 3000,-33.0008195,-60.6769497,Abuso de arma,Herido de arma de fuego,,,,1
31/7/2020,Rosario,E. Sánchez 1621,-32.9969758,-60.6576949,Abuso de arma,Balacera contra domicilio,S/D,,Si,1
10/12/2020,Rosario,Pacheco 675,-32.9081166,-60.69316540000001,Abuso de arma,Balacera contra domicilio,,,,1
31/06/2020,Rosario,Buceo 4251,-32.9805236,-60.68181849999999,Abuso de arma,Balacera contra domicilio,,,S/D,1
4/3/2020,Rosario,Alsina 3102,-32.9665112,-60.6833754,,Balacera contra domicilio,,,,
31/7/2020,Rosario,Alzugaray y Avenida Bermúdez,-33.0128105,-60.64213229999999,,Herido de arma de fuego,,,,
3/8/2020,Rosario,Rueda y Felipe Moré,-32.9622891,-60.69290309999999,,Herido de arma de fuego,,,,
14/8/2020,Villa Gobernador Galvez,"Esperanza 1500, Villa Gobernador Galvez",-33.0255203,-60.6337608,,Balacera,,,,
16/8/2020,Villa Gobernador Galvez,"Jean Jaures 2188, Villa Gobernador Galvez",-33.0204734,-60.641986,,Balacera contra domicilio,,,,
18/8/2020,Rosario,Paraguay y Olegario Victor Andrade,-32.99576589999999,-60.647132,,Herido de arma de fuego,,,,
22/8/2020,Rosario,Argelia 2270,-32.9855902,-60.6651639,,Balacera contra domicilio,,,,
24/8/2020,Granadero Baigorria,"Maipo 1600, Granadero Baigorria",-32.8579442,-60.7174255,,Herido de arma de fuego,,,,
24/8/2020,Rosario,Rouillón y Cerrito,-32.95309,-60.7017525,,Herido de arma de fuego,,,,
24/8/2020,Rosario,Colón 3618,-32.9817561,-60.63395060000001,,Balacera contra domicilio,,,,
25/8/2020,Rosario,Dorrego 2400,-32.9632149,-60.65407759999999,,Herido de arma de fuego,,,,
26/8/2020,Granadero Baigorria,"Pasco 647, Granadero Baigorria",-32.8608728,-60.7138552,,Herido de arma de fuego,,,,
26/8/2020,Rosario,Patagones 4100,-32.977046,-60.689835,,Herido de arma de fuego,,,,
27/8/2020,Rosario,Ayacucho y Marco Polo,-33.0105421,-60.635722,,Herido de arma de fuego,,,,
27/8/2020,Rosario,Molina 2168,-32.8949269,-60.70468,,Balacera contra domicilio,,,,
27/8/2020,Rosario,Muñoz 664,-33.0081938,-60.6437433,,Balacera contra domicilio,,,,
27/8/2020,Granadero Baigorria,"Calle 1 354, Granadero Baigorria",-32.849796,-60.712837,,Balacera contra domicilio,,,,
27/8/2020,Rosario,Cagancha 3672,-32.9821099,-60.6838795,,Balacera contra domicilio,,,,
27/8/2020,Rosario,Monte Flores 3100,-32.9578203,-60.71769879999999,,Balacera contra domicilio,,,,
27/8/2020,Villa Gobernador Galvez,"Liniers y Pasaje Capuchinos, Villa Gobernador Galvez",-33.0324898,-60.6437874,,Herido de arma de fuego,,,,
28/8/2020,Villa Gobernador Galvez,"General Paz 692, Villa Gobernador Galvez",-33.0086577,-60.61748720000001,,Balacera contra domicilio,,,,
28/8/2020,Rosario,Juan B Justo y las vías,-32.914328,-60.693746,,Herido de arma de fuego,,,,
30/8/2020,Rosario,Colón 3805,-32.9837702,-60.6340608,,Herido de arma de fuego,,,,
30/8/2020,Rosario,Viamonte 6385,-32.9569423,-60.70824460000001,,Herido de arma de fuego,,,,
30/8/2020,Perez,"Peñaloza 932, Pérez",-33.0022686,-60.78155650000001,,Herido de arma de fuego,,,,
30/8/2020,Rosario,Bertole 7240,-32.9651386,-60.71834570000001,,Balacera,,,,
30/8/2020,Rosario,Cabal 1300 Bis,-32.910087,-60.703495,,Balacera,,,,
31/8/2020,Rosario,Aráoz 1070,-32.8898009,-60.69841570000001,,Balacera contra domicilio,,,,
31/8/2020,Rosario,Juan Pablo Renzi 3546,-32.882892,-60.724998,,Balacera,,,,
1/9/2020,Rosario,Alsina 3102,-32.9665112,-60.6833754,,Balacera contra domicilio,,,,
1/9/2020,Rosario,Julio Marc 2304,-32.9928557,-60.66624199999999,,Balacera,,,,
2/9/2020,Rosario,Alsina 3102,-32.9665112,-60.6833754,,Balacera contra domicilio,,,,
2/9/2020,Rosario,Campbell 3000,-32.9638394,-60.70704559999999,,Balacera,,,,
2/9/2020,Rosario,French 2545,-32.9213729,-60.6924734,,Balacera,,,,
2/9/2020,Rosario,Humberto Primo y Rouillón,-32.9294275,-60.7026114,,Balacera,,,,
2/9/2020,Roldan,"Galvez y Luis Beltrán, Roldán",-32.893149,-60.909956,,Herido de arma de fuego,,,,
3/9/2020,Rosario,Alsina 3102,-32.9665112,-60.6833754,,Balacera contra domicilio,,,,
3/9/2020,Rosario,Sanguinetti 5337,-32.9719402,-60.6952903,,Herido de arma de fuego,,,,
4/9/2020,Rosario,Matienzo 3286,-32.9668479,-60.6938358,,Balacera,,,,
4/9/2020,Rosario,Calle Uriarte y Doctor G. Colombres,-32.9625159,-60.7249762,,Herido de arma de fuego,,,,
5/9/2020,Rosario,Del Carril 1851,-32.90540319999999,-60.7027818,,Balacera,,,,
5/9/2020,Rosario,José C. Paz 625,-32.909899,-60.68576059999999,,Balacera,,,,
5/9/2020,Rosario,Barra 3126,-32.9655422,-60.70591570000001,,Balacera,,,,
5/9/2020,Rosario,Del Carril 1851,-32.90540319999999,-60.7027818,,Balacera,,,,
5/9/2020,Granadero Baigorria,"General Dorrego 3436, Granadero Baigorria",-32.8368025,-60.71277449999999,,Balacera,,,,
6/9/2020,Rosario,Calle 510 6404,-33.0123166,-60.67228689999999,,Balacera,,,,
6/9/2020,Rosario,Doctor Vicente Medina 4812,-32.9819165,-60.6897828,,Balacera,,,,
6/9/2020,Rosario,Dr. Riva 2113,-32.981255,-60.6616194,,Balacera,,,,
7/9/2020,Rosario,Cavia 1900,-32.8985575,-60.70934679999999,,Herido de arma de fuego,,,,
7/9/2020,Rosario,Dean Funes 4345,-32.9676811,-60.689842,,Amenaza con arma de fuego,,,,
7/9/2020,Rosario,Sanguinetti 5233,-32.9719211,-60.6940144,,Balacera contra domicilio,,,,
7/9/2020,Granadero Baigorria,"Curupaiti 573, Granadero Baigorria",-32.864933,-60.7112675,,Balacera,,,,
7/9/2020,Villa Gobernador Galvez,"Suipacha 1742, Villa Gobernador Galvez",-33.0354252,-60.6359868,,Herido de arma de fuego,,,,
8/9/2020,Rosario,Pasaje Peatonal 1827 6262,-32.9728322,-60.70622230000001,,Herido de arma de fuego,,,,
8/9/2020,Rosario,Castellanos 3855,-32.9754984,-60.68394490000001,,Balacera,,,,
8/9/2020,Rosario,Servellera y Boulevard Bouchard,-32.8904604,-60.7342203,,Balacera,,,,
8/9/2020,Rosario,Vieytes y Caracas,-32.888181,-60.73316269999999,,Herido de arma de fuego,,,,
8/9/2020,Villa Gobernador Galvez,"Pasaje Miramar 1917, Villa Gobernador Galvez",-33.0223861,-60.6074011,,Balacera,,,,
8/9/2020,Villa Gobernador Galvez,"Julio Argentino Roca 245, Villa Gobernador Galvez",-33.0221436,-60.6075364,,Balacera,,,,
9/9/2020,Rosario,Magallanes 3207,-32.9662645,-60.7032963,,Balacera,,,,
9/9/2020,Rosario,Alsina 3800,-32.9745501,-60.68522909999999,,Balacera contra domicilio,,,,
9/9/2020,Rosario,Fraga 766 Bis,-32.9194758,-60.7111269,,Herido de arma de fuego,,,,
9/9/2020,Villa Gobernador Galvez,"Pueyrredón 140, Villa Gobernador Galvez",-33.0346527,-60.6390839,,Herido de arma de fuego,,,,
9/9/2020,Villa Gobernador Galvez,"Pueyrredón 140, Villa Gobernador Galvez",-33.0346527,-60.6390839,,Herido de arma de fuego,,,,
9/9/2020,Rosario,Ulises 7072,-33.0193829,-60.64672880000001,,Herido de arma de fuego,,,,
10/9/2020,Rosario,Ameghino 3810,-32.9804823,-60.685845,,Balacera,,,,
10/9/2020,Rosario,Avenida Sorrento y Avenida Casiano Casas,-32.9073639,-60.69577589999999,,Herido de arma de fuego,,,,
10/9/2020,Rosario,Cullen 900 Bis,-32.9183929,-60.70952269999999,,Balacera,,,,
10/9/2020,Rosario,Pasaje Florencia 4400,-32.9866594,-60.6577247,,Herido de arma de fuego,,,,
10/9/2020,Rosario,E. Espinosa 6237,-32.9768017,-60.7061015,,Balacera,,,,
10/9/2020,Villa Gobernador Galvez,"Iriondo y Artigas, Villa Gobernador Galvez",-33.037022,-60.634993,,Balacera,,,,
11/9/2020,Rosario,Garzón 1160 Bis,-32.915215,-60.706402,,Balacera,,,,
11/9/2020,Rosario,Amenabar 4444,-32.9641062,-60.6902992,,Balacera,,,,
11/9/2020,Rosario,Bv. Seguí y Convención,-32.9825269,-60.62709089999999,,Balacera,,,,
11/9/2020,Rosario,Juan B. Justo 6661,-32.9150496,-60.71348789999999,,Herido de arma de fuego,,,,
11/9/2020,Perez,"El Chaja 529, Perez",-32.964611,-60.737948,,Balacera,,,,
11/9/2020,Perez,"Los Guayacanes 580, Perez",-32.972709,-60.743056,,Balacera,,,,
11/9/2020,Villa Gobernador Galvez,"Iriondo y Artigas, Villa Gobernador Galvez",-33.037022,-60.634993,,Balacera,,,,
12/9/2020,Rosario,Cullen 926 Bis,-32.9180446,-60.70954469999999,,Balacera,,,,
12/9/2020,Rosario,Juan Manuel de Rosas 2246,-32.9647696,-60.63575960000001,,Balacera,,,,
12/9/2020,Rosario,Presidente Quintana 3200,-32.9773776,-60.6758356,,Herido de arma de fuego,,,,
12/9/2020,Rosario,Mina Clavero 1735,-32.8843823,-60.7063754,,Balacera,,,,
12/9/2020,Villa Gobernador Galvez,"Avenida Soldado Aguirre 2499, Villa Gobernador Galvez",-33.0296196,-60.64664169999999,,Herido de arma de fuego,,,,
13/9/2020,Rosario,Volta 7092,-32.9587068,-60.7163617,,Balacera,,,,
13/9/2020,Granadero Baigorria,"Callao 2152, Granadero Baigorria",-32.8533949,-60.7222484,,Herido de arma de fuego,,,,
13/9/2020,Rosario,Valparaiso 2786,-32.9613567,-60.68759459999999,,Herido de arma de fuego,,,,
13/9/2020,Rosario,White 7191,-32.9415891,-60.7182436,,Balacera,,,,
13/9/2020,Rosario,Cazadores 2015,-33.0045361,-60.6623447,,Balacera,,,,
14/9/2020,Rosario,Del Campo 5097,-32.9969907,-60.65414579999999,,Balacera,,,,
14/9/2020,Rosario,Pasaje 1735 7978,-32.9632161,-60.73040479999999,,Balacera,,,,
14/9/2020,Rosario,José M. Rosa 6939,-33.0059122,-60.6815748,,Balacera,,,,
14/9/2020,Granadero Baigorria,"Mitre 733, Granadero Baigorria",-32.8599668,-60.7156009,,Balacera,,,,
15/9/2020,Rosario,Sadi Carnot 6110,-33.0075166,-60.6487489,,Balacera,,,,
15/9/2020,Rosario,Uruguay 3907,-32.9700204,-60.68439189999999,,Balacera,,,,
15/9/2020,Rosario,Castellanos 3410,-32.9702263,-60.6829235,,Balacera,,,,
15/9/2020,Rosario,Republica Arabe Unida 2244,-32.9843372,-60.66418830000001,,Balacera contra domicilio,,,,
16/9/2020,Granadero Baigorria,"Mitre 1235, Granadero Baigorria",-32.86171950000001,-60.72322500000001,,Balacera,,,,
16/9/2020,Rosario,Cavia 1300,-32.9049968,-60.7074434,,Balacera,,,,
16/9/2020,Rosario,Paraguay y Anchorena,-32.9981125,-60.6549435,,Herido de arma de fuego,,,,
16/9/2020,Rosario,Pasaje Franco 1850,-32.9226053,-60.6882691,,Balacera,,,,
16/9/2020,Rosario,French y San Jeronimo,-32.9212371,-60.69320969999999,,Herido de arma de fuego,,,,
16/9/2020,Rosario,Ariel 659,-32.9204484,-60.7000932,,Balacera,,,,
16/9/2020,Rosario,Pasaje 529 440,-33.013103,-60.638698,,Amenazas,,,,
17/9/2020,Rosario,CAMINO MUERTO CASA 23,,,,Balacera,,,,
17/9/2020,Rosario,Garzón 2635,-32.9593975,-60.70474230000001,,Balacera,,,,
17/9/2020,Rosario,Hutchinson 3851,-32.9767243,-60.6763163,,Balacera,,,,
17/9/2020,Rosario,Carranza 847,-32.9378555,-60.7283778,,Balacera contra domicilio,,,,
17/9/2020,Rosario,French 5000,-32.921362,-60.6941252,,Herido de arma de fuego,,,,
18/9/2020,Rosario,Amenabar 6188,-32.9637204,-60.70577609999999,,Balacera,,,,
18/9/2020,Rosario,Ancón 3310,-32.9680251,-60.68866749999999,,Balacera,,,,
18/9/2020,Villa Gobernador Galvez,"General Paz 657, Villa Gobernador Galvez",-33.008744,-60.61693719999999,,Balacera,,,,
19/9/2020,Rosario,Ancón 3310,-32.9680251,-60.68866749999999,,Balacera,,,,
19/9/2020,Rosario,Nochetto 1117,-32.9418604,-60.74590130000001,,Herido de arma de fuego,,,,
20/9/2020,Rosario,Amenabar 5095,-32.9636455,-60.6928554,,Herido de arma de fuego,,,,
20/9/2020,Rosario,Ancón 3310,-32.9680251,-60.68866749999999,,Balacera,,,,
20/9/2020,Rosario,Gorriti 5428,-32.9237329,-60.698274,,Herido de arma de fuego,,,,
20/9/2020,Villa Gobernador Galvez,"Jorge Newbery y Pasaje 4, Villa Gobernador Galvez",-33.0292053,-60.6542244,,Herido de arma de fuego,,,,
20/9/2020,Rosario,Lima 2870,-32.9628122,-60.68939659999999,,Balacera contra domicilio,,,,
20/9/2020,Rosario,Juan Pablo II y Cerrito,-32.9535745,-60.7210668,,Herido de arma de fuego,,,,
20/9/2020,Rosario,Colombres 2800,-32.9613233,-60.72496229999999,,Herido de arma de fuego,,,,
21/9/2020,Rosario,Gorriti 6409,-32.9243089,-60.7098793,,Balacera,,,,
21/9/2020,Rosario,Brandazza 2900,-32.9671772,-60.66602109999999,,Amenaza con arma de fuego,,,,
21/9/2020,Rosario,Esmeralda 3740,-32.9835685,-60.630267,,Balacera contra domicilio,,,,
21/9/2020,Rosario,Chubut 7500,-32.945897,-60.7237699,,Balacera,,,,
22/9/2020,Rosario,Carbia 924,-32.9389463,-60.7304045,,Balacera contra domicilio,,,,
23/9/2020,Rosario,Santiago 5139,-32.9980316,-60.6678193,,Balacera,,,,
23/9/2020,Rosario,Lamadrid 2300,-32.997669,-60.6664715,,Balacera,,,,
23/9/2020,Rosario,González Castillo 4800,-32.9930204,-60.6514772,,Balacera,,,,
23/9/2020,Rosario,Pasaje Guerrico 3626,-32.9820964,-60.6319899,,Balacera contra domicilio,,,,
24/9/2020,Rosario,Vera Mujica 3052,-32.9676793,-60.6737092,,Herido de arma de fuego,,,,
24/9/2020,Rosario,Fraga 3021,-32.9641505,-60.7093092,,Balacera contra domicilio,,,,
24/9/2020,Rosario,González Castillo 4843,-32.9937623,-60.65125379999999,,Balacera contra domicilio,,,,
25/9/2020,Villa Gobernador Galvez,"Buenameson 342, Villa Gobernador Galvez",-33.0071319,-60.61634859999999,,Balacera,,,,
25/9/2020,Rosario,Isola y Maestros Santafesinos,-32.991263,-60.623053,,Abuso de arma de fuego,,,,
25/9/2020,Rosario,Biedma 2048,-32.9788269,-60.6598176,,Abuso de arma de fuego,,,,
25/9/2020,Rosario,Arrieta 1770,-33.0097099,-60.6585511,,Balacera contra domicilio,,,,
26/9/2020,Rosario,Centeno 3661,-32.9786856,-60.68285580000001,,Balacera contra domicilio,,,,
26/9/2020,Rosario,Ayacucho 4000,-32.9854003,-60.6362132,,Herido de arma de fuego,,,,
26/9/2020,Rosario,Uriarte 7800,-32.96255500000001,-60.7261087,,Herido de arma de fuego,,,,
26/9/2020,Rosario,Boulevard 27 de Febrero 7484,-32.9595264,-60.7201849,,Balacera contra domicilio,,,,
26/9/2020,Rosario,Larrea 800,-32.9185504,-60.6980062,,Herido de arma de fuego,,,,
26/9/2020,Rosario,Avenida Bermúdez 5848,-33.0045686,-60.64247049999999,,Balacera contra domicilio,,,,
27/9/2020,Rosario,French 6450,-32.921736,-60.7104898,,Balacera contra domicilio,,,,
27/9/2020,Rosario,Boulevard 27 de Febrero 7484,-32.9595264,-60.7201849,,Balacera contra domicilio,,,,
27/9/2020,Granadero Baigorria,"Mitre 1235, Granadero Baigorria",-32.86171950000001,-60.72322500000001,,Balacera contra domicilio,,,,
27/9/2020,Rosario,Garibaldi 52 Bis,-32.988861,-60.631936,,Balacera contra domicilio,,,,
28/9/2020,Rosario,Spiro 334 Bis,-32.985173,-60.627837,,Balacera contra domicilio,,,,
1/10/2020,Rosario,Doctor Medina 6897,-33.021609,-60.690067,,Balacera contra domicilio,,,,
1/10/2020,Rosario,Doctor Medina 6897,-33.021609,-60.690067,,Balacera contra domicilio,,,,
1/10/2020,Rosario,Castellanos 5290,-32.9996219,-60.6874592,,Balacera contra domicilio,,,,
2/10/2020,Rosario,Bertole 7021,-32.9651251,-60.7156234,,Balacera contra domicilio,,,,
2/10/2020,Rosario,Alvear 5807,-33.0046368,-60.6660707,,Balacera contra domicilio,,,,
2/10/2020,Rosario,Avenida Provincias Unidas 1163 Bis,-32.9156215,-60.7140599,,Abuso de arma de fuego,,,,
3/10/2020,Rosario,24 de Septiembre 3285,-32.9749911,-60.67659479999999,,Balacera contra domicilio,,,,
3/10/2020,Rosario,Casal 4058,-32.9761489,-60.69759750000001,,Balacera,,,,
4/10/2020,Rosario,Garibaldi 52 Bis,-32.988861,-60.631936,,Balacera contra domicilio,,,,
4/10/2020,Rosario,Almafuerte 2231,-32.9177603,-60.6961333,,Balacera contra domicilio,,,,
4/10/2020,Rosario,Laguna 3522,-32.8837415,-60.7242632,,Balacera contra domicilio,,,,
5/10/2020,Rosario,Virasoro 3821,-32.9633736,-60.6813337,,Balacera contra domicilio,,,,
6/10/2020,Rosario,Rouillón y Doctor Maradona,-32.9796434,-60.70077010000001,,Herido de arma de fuego,,,,
6/10/2020,Rosario,BROWN 1137,,,,Balacera contra domicilio,,,,
7/10/2020,Rosario,Lamadrid 2345,-32.99779669999999,-60.6670924,,Balacera contra domicilio,,,,
